Occupation,Workforce,Monthly Wage,lastPeriod,Diferencia_1,Diferencia _2,Salario Variables,Volumen,Categoria,Pareja,Categoria Pareja,id,Year
"Guías de Turismo en Museos, Casinos, Parques, Cines y otros Centros Recreativos",911,3333.04061470911,3333.0,-0.0406147091107414,0.999987814517191,3333.04061470911,3036400.0,G,5632.8386388584,F,1,2024
Trabajadores en el Cultivo de Flores,1703,8279.33059307105,8279.0,-0.330593071050316,0.999960070072413,8279.33059307105,14099700.0,F2,13992.0687022901,E,2,2024
"Ensambladores y Montadores de Herramientas, Maquinaria, Equipos y Productos Metálicos",68,6480.0,6480.0,0.0,1.0,6480.0,440640.0,F,10951.2,F3,3,2024
"Especialistas y Consultores en Mercadotecnia, Publicidad, Comunicación y Comercio Exterior",1797,6449.80523094046,6449.0,-0.805230940456568,0.999875154223791,6449.80523094046,11590300.0,F,10900.1708402894,F4,4,2024
"Técnicos en la Instalación y Reparación de Redes, Equipos y en Sistemas Computacionales",2944,2786.08355978261,2786.0,-0.0835597826085177,0.999970008156319,2786.08355978261,8202230.0,G,4708.48121603261,G,5,2024
Trabajadores que Combinan Actividades Agrícolas con Ganaderas,6227,1390.90011241368,1390.0,-0.900112413682336,0.99935285617878,1390.90011241368,8661135.0,G,2350.62118997912,G,6,2024
Escultores,547,860.0,860.0,0.0,1.0,860.0,470420.0,G,1453.4,G,7,2024
Cortadores de Leña,181,3440.0,3440.0,0.0,1.0,3440.0,622640.0,G,5813.6,F,8,2024
"Yeseros, Escayolistas y otros Recubridores de Techos y Paredes",68,7480.0,7480.0,0.0,1.0,7480.0,508640.0,F,12641.2,E,9,2024
Pintores,68,6710.0,6710.0,0.0,1.0,6710.0,456280.0,F,11339.9,F10,10,2024
Capturistas de Datos,3211,5216.06976019932,5200.0,-16.0697601993152,0.996919182269774,5216.06976019932,16748800.0,F,8815.15789473684,F11,11,2024
Profesores en Educación Física y Deporte,227,14007.6651982379,14000.0,-7.66519823788622,0.999452785447867,14007.6651982379,3179740.0,E,23672.954185022,D,12,2024
Bordadores y Deshiladores,12432,1102.18468468468,1001.70346880663,-100.481215878058,0.908834501808739,1102.18468468468,13702360.0,G,1862.69211711712,G,13,2024
Trabajadores en la Cría de Porcinos,4892,3061.20196238757,1129.35941320293,-1931.84254918464,0.368926789894677,3061.20196238757,14975400.0,G,5173.431316435,F,14,2024
Trabajadores en el Cultivo de Frutales,4197,5412.58279723612,1287.75989268947,-4124.82290454665,0.237919666253799,5412.58279723612,22716610.0,F,9147.26492732904,F15,15,2024
Trabajadores en el Cultivo de Maíz Y/O Frijol,62741,1506.27771313814,1405.21151084177,-101.06620229637,0.932903340854847,1506.27771313814,94505370.0,G,2545.60933520346,G,16,2024
Trabajadores en la Cría y Cuidado de otro Tipo de Animales,70,1470.0,1470.0,0.0,1.0,1470.0,102900.0,G,2484.3,G,17,2024
"Sacerdotes, Pastores y otros Teólogos",142,1600.0,1600.0,0.0,1.0,1600.0,227200.0,G,2704.0,G,18,2024
Trabajadores en Servicios Funerarios,674,1231.45400593472,1615.78014184397,384.326135909254,1.3120913440998,1615.78014184397,1089035.81560284,G,2730.66843971631,G,19,2024
Lavanderos y Planchadores Domésticos,971,1617.0,1617.58084577114,0.580845771144368,1.00035921197968,1617.58084577114,1570671.00124378,G,2733.71162935323,G,20,2024
Veterinarios y Zootecnistas,816,16446.0784313725,1711.4552893045,-14734.623142068,0.104064643522539,16446.0784313725,13420000.0,E21,27793.8725490196,D21,21,2024
Tejedores de Fibras,1447,1148.76434001382,1739.6334376397,590.869097625874,1.51435187970647,1739.6334376397,2517249.58426464,G,2939.98050961109,G,22,2024
"Directores y Productores Artísticos de Cine, Teatro y Afines",156,14000.0,1781.65938864629,-12218.3406113537,0.127261384903306,14000.0,2184000.0,E,23660.0,D,23,2024
Limpiadores de Calzado,227,7190.66079295154,1873.24840764331,-5317.41238530823,0.260511302310285,7190.66079295154,1632280.0,F,12152.2167400881,E,24,2024
Vendedores por Catálogo,7168,2515.72823660714,1902.93185419968,-612.79638240746,0.756413918844465,2515.72823660714,18032740.0,G,4251.58071986607,G,25,2024
Auxiliares y Técnicos en Pedagogía y en Educación,1140,1995.0,1995.62834224599,0.628342245989415,1.00031495851929,1995.62834224599,2275016.31016043,G,3372.61189839572,G,26,2024
Trabajadores de Apoyo que Realizan Actividades Agrícolas y Ganaderas,275,2060.0,2060.0,0.0,1.0,2060.0,566500.0,G,3481.4,G,27,2024
Auxiliares y Asistentes Dentales,194,4548.24742268041,2107.94621026895,-2440.30121241146,0.463463399057274,4548.24742268041,882360.0,G,7686.5381443299,F,28,2024
Lavadores de Vehículos en Vía Pública,93,2150.0,2150.0,0.0,1.0,2150.0,199950.0,G,3633.5,G,29,2024
Trabajadores de Apoyo en Actividades Ganaderas,9670,3686.57476732161,2157.44752252252,-1529.12724479909,0.585217351793996,3686.57476732161,35649178.0,G,6230.31135677353,F,30,2024
"Trabajadores de Apoyo en la Industria de la Cerámica, Vidrio y Similares",3114,3579.05266538215,2211.20689655172,-1367.84576883042,0.617819044111671,3579.05266538215,11145170.0,G,6048.59900449583,F,31,2024
"Modelos de Moda, Arte y Publicidad",639,2350.0,2350.0,0.0,1.0,2350.0,1501650.0,G,3971.5,G,32,2024
"Plomeros, Fontaneros e Instaladores de Tubería",2111,2749.37233538607,2386.1988884478,-363.173446938276,0.867906779207743,2749.37233538607,5803925.0,G,4646.43924680246,G,33,2024
"Cuidadores de Niños, Personas con Discapacidad y Ancianos en Establecimientos",581,1335.88640275387,2387.93333333333,1052.04693057946,1.78752723915051,2387.93333333333,1387389.26666667,G,4035.60733333333,G,34,2024
Trabajadores en Actividades de Beneficio de Productos Agrícolas,966,2400.0,2400.0,0.0,1.0,2400.0,2318400.0,G,4056.0,G,35,2024
Trabajadores en otros Cultivos Agrícolas,6140,2295.34218241042,2600.29386248269,304.951680072271,1.13285674023209,2600.29386248269,15965804.3156437,G,4394.49662759575,G,36,2024
Técnicos en Mantenimiento y Reparación de Vehículos de Motor,692,10750.0,2601.25570776256,-8148.74429223744,0.241977275140703,10750.0,7439000.0,F37,18167.5,E37,37,2024
Recolectores de Leña y Acarreadores de Agua,268,2790.0,2790.0,0.0,1.0,2790.0,747720.0,G,4715.1,G,38,2024
"Trabajadores en el Alquiler de Bienes Muebles (Loza, Películas, Video Juegos, Etcétera)",3903,6646.16961311811,2936.46341463415,-3709.70619848397,0.441827937830265,6646.16961311811,25940000.0,F,11232.0266461696,F39,39,2024
Instructores en Idiomas Extranjeros,225,10396.4444444444,2950.22461814915,-7446.2198262953,0.283772460278539,10396.4444444444,2339200.0,F40,17569.9911111111,E40,40,2024
Entrenadores de Animales y Ocupaciones Relacionadas con el Cuidado de Mascotas,3939,1577.97664381823,2951.29562043796,1373.31897661973,1.87030374118638,2951.29562043796,11625153.4489051,G,4987.68959854015,G,41,2024
"Empleados de Ventas, Despachadores y Dependientes en Comercios",92052,3955.10934037283,3008.27070280418,-946.838637568656,0.760603675882346,3955.10934037283,364075725.0,G,6684.13478523009,F,42,2024
"Trabajadores de Apoyo en la Industria de la Madera, Papel y Cartón",4145,4781.8697225573,3022.81780751415,-1759.05191504314,0.632141397172481,4781.8697225573,19820850.0,G,8081.35983112183,F43,43,2024
Alfareros y Trabajadores Ceramistas,5017,5232.10763404425,3066.31543764362,-2165.79219640063,0.586057407858304,5232.10763404425,26249484.0,F,8842.26190153478,F44,44,2024
Artesanos y Trabajadores en la Elaboración de Productos de Papel y Cartón,439,7535.53530751708,3082.43243243243,-4453.10287508465,0.40905288166556,7535.53530751708,3308100.0,F,12735.0546697039,E,45,2024
Músicos,2152,13698.3410780669,3115.40012602395,-10582.940952043,0.227429008247733,13698.3410780669,29478830.0,E,23150.1964219331,D,46,2024
"Coordinadores y Jefes de Área en Servicios de Salud, Protección Civil y Medio Ambiente",390,15102.5641025641,3168.1537405628,-11934.4103620013,0.209775884349659,15102.5641025641,5890000.0,E,25523.3333333333,D47,47,2024
Trabajadores de Apoyo en Actividades Silvícolas y Forestales,625,1505.0,3196.49935649936,1691.49935649936,2.12391983820555,3196.49935649936,1997812.0978121,G,5402.08391248391,F,48,2024
Ayudantes en la Preparación de Alimentos,16173,2607.80374698572,3219.38819762788,611.584450642166,1.23452088806494,3219.38819762788,52067165.3202358,G,5440.76605399112,F,49,2024
Lavanderos en Establecimientos,1888,5146.79025423729,3252.50176678445,-1894.28848745284,0.631947603480967,5146.79025423729,9717140.0,F,8698.07552966102,F50,50,2024
"Arquitectos, Planificadores Urbanos y del Transporte",4820,5728.63070539419,3392.80510018215,-2335.82560521204,0.592254113533173,5728.63070539419,27612000.0,F,9681.38589211618,F51,51,2024
Trabajadores en la Apicultura,1311,3347.70404271548,3447.53507951356,99.8310367980798,1.02982074745087,3447.53507951356,4519718.48924228,G,5826.33428437792,F,52,2024
"Cuidadores de Niños, Personas con Discapacidad y Ancianos en Casas Particulares",6530,4744.33307810107,3484.42837837838,-1259.90469972269,0.734440082729821,4744.33307810107,30980495.0,G,8017.92290199081,F53,53,2024
"Cajeros, Taquilleros y Receptores de Apuestas",8220,5690.50851581509,3520.08869850069,-2170.41981731439,0.61858947908041,5690.50851581509,46775980.0,F,9616.95939172749,F54,54,2024
"Técnicos en Instalación y Reparación de Equipos Electrónicos, Telecomunicaciones y Electrodoméstico (Excepto Equipos Informáticos)",1100,2008.4,3534.88372093023,1526.48372093023,1.76004965192702,3534.88372093023,3888372.09302326,G,5973.95348837209,F,55,2024
Trabajadores de Apoyo en Actividades Agrícolas,105451,3541.36943224815,3611.95005851585,70.5806262676938,1.01993032006912,3611.95005851585,380883745.620555,G,6104.19559889178,F,56,2024
Técnicos de Prótesis Médicas y Dentales,762,21397.1784776903,3621.24430955994,-17775.9341681303,0.169239337482539,21397.1784776903,16304650.0,D,36161.2316272966,C57,57,2024
Trabajadores en la Cría de Caprinos y Ovinos,12418,1273.59510388146,3623.50591391294,2349.91081003148,2.8451003799165,3623.50591391294,44996696.4389709,G,6123.72499451286,F,58,2024
Trabajadores Domésticos,54846,3671.07641395909,3650.38786523027,-20.6885487288114,0.994364446174385,3671.07641395909,201343857.0,G,6204.11913959085,F,59,2024
"Trabajadores de Apoyo en la Industria Química, Petroquímica y Plásticos",3898,7148.38891739353,3728.24367088608,-3420.14524650746,0.521550200187692,7148.38891739353,27864420.0,F,12080.7772703951,E,60,2024
Ayudantes de Jardineros,727,3730.0,3730.0,0.0,1.0,3730.0,2711710.0,G,6303.7,F,61,2024
Trabajadores en el Cultivo de Hortalizas y Verduras,5013,5276.61001396369,3736.54040795249,-1540.0696060112,0.708132759113207,5276.61001396369,26451646.0,F,8917.47092359864,F62,62,2024
"Anaqueleros, Acomodadores y Seleccionadores de Mercancías y Alimentadores de Máquinas Expendedoras",6375,2933.10211764706,3737.49638441801,804.394266770949,1.27424693532874,3737.49638441801,23826539.4506648,G,6316.36888966643,F,63,2024
"Supervisores de Secretarias, Capturistas, Cajeros y Trabajadores de Control de Archivo y Transporte",1117,10953.9838854073,3748.65725989986,-7205.32662550748,0.342218621016391,10953.9838854073,12235600.0,F64,18512.2327663384,E64,64,2024
"Peluqueros, Barberos, Estilistas y Peinadores",6679,5432.89564306034,3785.5093780849,-1647.38626497544,0.696775647240764,5432.89564306034,36286310.0,F,9181.59363677197,F65,65,2024
Directores y Gerentes en Servicios Funerarios y otros Servicios,137,8792.70072992701,3814.75667189953,-4977.94405802748,0.433854942761278,8792.70072992701,1204600.0,F66,14859.6642335766,E,66,2024
Mecánicos en Mantenimiento y Reparación de Maquinaria e Instrumentos Industriales,3726,17140.1771336554,3820.98226466576,-13319.1948689896,0.22292548290899,17140.1771336554,63864300.0,E67,28966.8993558776,D67,67,2024
Trabajadores en la Elaboración de Productos a Base de Frutas y Verduras,483,6000.0,3850.66616199849,-2149.33383800151,0.641777693666414,6000.0,2898000.0,F,10140.0,F68,68,2024
Vendedores Ambulantes de Artículos Diversos (Excluyendo los de Venta de Alimentos),22840,3919.14041155867,3902.46225254446,-16.6781590142109,0.995744434426227,3919.14041155867,89513167.0,G,6623.34729553415,F,69,2024
"Trabajadores de Apoyo en la Industria de Alimentos, Bebidas y Productos de Tabaco",22945,3005.56962301155,3935.27062455261,929.701001541063,1.30932605733801,3935.27062455261,90294784.4803597,G,6650.60735549392,F,70,2024
"Otras Ocupaciones de Mecánicos y Técnicos en el Mantenimiento y Reparación de Equipos Mecánicos, Vehículos de Motor e Instrumentos Industriales, no Clasificados Anteriormente",292,4000.0,4000.0,0.0,1.0,4000.0,1168000.0,G,6760.0,F,71,2024
"Operadores de Máquinas en el Tratamiento del Cuero, Piel y la Elaboración de Calzado",287,4000.0,4000.0,0.0,1.0,4000.0,1148000.0,G,6760.0,F,72,2024
Operadores de Maquinaria Agropecuaria y Forestal,51,43000.0,4026.03878116344,-38973.9612188366,0.0936288088642659,43000.0,2193000.0,B,72670.0,S,73,2024
Lavadores de Vehículos en Establecimientos,2804,3036.46219686163,4033.20486374986,996.742666888238,1.32825788772158,4033.20486374986,11309106.4379546,G,6816.11621973727,F,74,2024
"Moldeadores, Torneros y Troqueladores",1207,7947.34051367026,4068.12877263582,-3879.21174103444,0.511885550347089,7947.34051367026,9592440.0,F,13431.0054681027,E,75,2024
Oficiales del Ministerio Público y Detectives,589,15130.7300509338,4078.21229050279,-11052.517760431,0.269531759325196,15130.7300509338,8912000.0,E,25570.9337860781,D76,76,2024
"Trabajadores en la Elaboración de Pan, Tortilla, Repostería, y otros Productos de Cereales y Harinas",29044,6073.59340999862,4078.34827812202,-1995.2451318766,0.671488524636513,6073.59340999862,176401447.0,F,10264.3728628977,F77,77,2024
Preparadores y Vendedores Ambulantes de Alimentos,19366,2755.11484044201,4138.81972480532,1383.70488436331,1.50223129143369,4138.81972480532,80152382.7905799,G,6994.60533492099,F,78,2024
Artesanos y Confeccionadores de Productos Textiles,146,4933.21917808219,4150.11267605634,-783.106502025854,0.841258522324506,4933.21917808219,720250.0,G,8337.1404109589,F79,79,2024
Telefonistas y Telegrafistas,783,8066.74329501916,4155.67251461988,-3911.07078039927,0.515161120496523,8066.74329501916,6316260.0,F80,13632.7961685824,E,80,2024
Trabajadores en la Elaboración de Bebidas Alcohólicas y no Alcohólicas,1459,4187.41603838245,4187.41603838245,0.0,1.0,4187.41603838245,6109440.0,G,7076.73310486635,F,81,2024
Trabajadores de Apoyo en la Industria Textil y del Zapato,6385,4481.93970242756,4238.77081689029,-243.168885537273,0.945744721776251,4481.93970242756,28617185.0,G,7574.47809710258,F,82,2024
Agentes de Bienes Raíces,1822,8806.08122941822,4239.61980990495,-4566.46141951327,0.481442278290799,8806.08122941822,16044680.0,F83,14882.2772777168,E,83,2024
Auxiliares y Técnicos de Equipos de Grabación y Reproducción de Video,628,4248.4076433121,4248.4076433121,0.0,1.0,4248.4076433121,2668000.0,G,7179.80891719745,F,84,2024
Recepcionistas y Trabajadores que Brindan Información (De Forma Personal),5724,4502.95422781272,4264.62128296241,-238.332944850309,0.947071870422703,4502.95422781272,25774910.0,G,7609.99264500349,F,85,2024
Trabajadores en la Elaboración de Sustancias y Compuestos Químicos,857,8391.27187864644,4274.92341356674,-4116.3484650797,0.509448802921674,8391.27187864644,7191320.0,F86,14181.2494749125,E,86,2024
Diseñadores Gráficos,404,12179.3564356436,4372.03647416413,-7807.31996147943,0.358971058714492,12179.3564356436,4920460.0,E,20583.1123762376,D,87,2024
"Directores y Gerentes en Construcción, Reparación y Mantenimiento",1323,15190.4383975813,4561.06870229008,-10629.3696952912,0.300259188241488,15190.4383975813,20096950.0,E,25671.8408919123,D88,88,2024
Operadores de Máquinas y Equipos de Hilar y Bobinar Fibras Textiles Naturales y Sintéticas,3198,6670.91619762351,4576.77443609023,-2094.14176153329,0.686078838424126,6670.91619762351,21333590.0,F,11273.8483739837,F89,89,2024
Pintores y Barnizadores de Madera,588,4616.0,4616.97142857143,0.971428571428987,1.00021044813073,4616.97142857143,2714779.2,G,7802.68171428571,F,90,2024
"Sastres y Modistos, Costureras y Confeccionadores de Prendas de Vestir",29796,3641.08997852061,4624.07316442606,982.983185905453,1.26996948488069,4624.07316442606,137778884.007239,G,7814.68364788004,F,91,2024
"Fonderos, Vendedores y Comerciantes de Comida",16934,7353.00980276367,4703.02345593338,-2649.98634683029,0.639605220458937,7353.00980276367,124515868.0,F,12426.5865666706,E,92,2024
Empacadores de Objetos y Mercancías,1008,7150.50595238095,4730.0,-2420.50595238095,0.661491652688579,7150.50595238095,7207710.0,F,12084.3550595238,E,93,2024
"Taqueros y Preparadores de Comida Rápida, Antojitos, Pizzas, Hot Dogs, Jugos, Café, Etcétera",27572,5511.57805019585,4748.2874951305,-763.290555065348,0.861511431369783,5511.57805019585,151965230.0,F,9314.56690483099,F94,94,2024
"Impresores, Linotipistas, Fotograbadores y Encuadernadores",1127,1963.42502218279,4770.3125,2806.88747781721,2.42958730081617,4770.3125,5376142.1875,G,8061.828125,F95,95,2024
Auxiliares y Técnicos en Agronomía,885,4772.8813559322,4772.8813559322,0.0,1.0,4772.8813559322,4224000.0,G,8066.16949152542,F96,96,2024
"Herreros, Balconeros, Aluminadores y Forjadores",4750,7493.63368421053,4779.1842598376,-2714.44942437293,0.637765930553503,7493.63368421053,35594760.0,F,12664.2409263158,E,97,2024
Cargadores,6469,3238.28876178698,4784.23183072677,1545.94306893979,1.47739506346145,4784.23183072677,30949195.7129715,G,8085.35179392824,F98,98,2024
"Trabajadores de Apoyo en la Industria Eléctrica, Electrónica y Comunicaciones",2298,5347.28894691036,4827.16642754663,-520.122519363728,0.902731547794092,5347.28894691036,12288070.0,F,9036.9183202785,F99,99,2024
Comerciantes en Establecimientos,76981,4370.26323378496,4849.03188665668,478.768652871719,1.10955144513276,4849.03188665668,373283323.666718,G,8194.86388844979,F100,100,2024
"Trabajadores en Actividades de Recolección de Plantas, Hierbas y Raíces no Cultivadas",573,3010.0,4852.92520775623,1842.92520775623,1.61226751088247,4852.92520775623,2780726.14404432,G,8201.44360110803,F101,101,2024
"Trabajadores en el Alquiler Inmobiliario (Casas, Terrenos, Etcétera)",141,7148.93617021277,4855.99310146594,-2292.94306874683,0.67926093978839,7148.93617021277,1008000.0,F,12081.7021276596,E,102,2024
Barrenderos y Trabajadores de Limpieza (Excepto en Hoteles y Restaurantes),17233,5831.67469390124,4873.87231273498,-957.802381166252,0.835758605985358,5831.67469390124,100497250.0,F,9855.53023269309,F103,103,2024
"Trabajadores en la Elaboración de Productos de Carne, Pescado y sus Derivados",14817,5535.51454410474,4914.30621659222,-621.208327512521,0.887777672235709,5535.51454410474,82019719.0,F,9355.01957953702,F104,104,2024
Cocineros,7066,4925.51302009624,4951.08644859813,25.5734285018953,1.00519203347906,4951.08644859813,34984376.8457944,G,8367.33609813084,F105,105,2024
"Operadores de Máquinas de Costura, Bordado y de Corte para la Confección de Productos Textiles y Prendas de Vestir",8372,3887.30888676541,4954.15098541365,1066.84209864824,1.27444232751361,4954.15098541365,41476152.0498831,G,8372.51516534907,F106,106,2024
"Supervisores de Trabajadores en la Elaboración y Procesamiento de Alimentos, Bebidas y Productos de Tabaco",291,4970.56833558863,4970.56833558863,0.0,1.0,4970.56833558863,1446435.38565629,G,8400.26048714479,F107,107,2024
Psicólogos,5749,6282.83179683423,5020.78550932568,-1262.04628750855,0.799127793275563,6282.83179683423,36120000.0,F,10617.9857366499,F108,108,2024
Choferes en Casas Particulares,1680,3156.0119047619,5020.92781858831,1864.91591382641,1.5909090238261,5020.92781858831,8435158.73522836,F,8485.36801341425,F109,109,2024
Cocineros Domésticos,773,5030.10996119017,5030.10996119017,0.0,1.0,5030.10996119017,3888275.0,F,8500.88583441138,F110,110,2024
"Supervisores en Limpieza, Amas de Llaves, Mayordomos y en Estacionamientos",301,3052.49169435216,5056.84210526316,2004.350410911,1.65662763788007,5056.84210526316,1522109.47368421,F,8546.06315789474,F111,111,2024
"Maquillistas, Manicuristas, Pedicuristas y Tatuadores",6634,5249.08803135363,5066.72552166934,-182.362509684291,0.965258248938671,5249.08803135363,34822450.0,F,8870.95877298764,F112,112,2024
Trabajadores que Brindan Información por Teléfono (Centro de Llamadas) y Anunciadores,892,10096.9730941704,5095.70873786408,-5001.26435630633,0.504676866060596,10096.9730941704,9006500.0,F113,17063.884529148,E113,113,2024
"Artesanos de Productos de Bejuco, Vara, Palma, Carrizo y Mimbre, Excepto Madera",2788,5706.15136298422,5116.238583411,-589.912779573221,0.896618098250954,5706.15136298422,15908750.0,F,9643.39580344333,F114,114,2024
"Trabajadores en la Elaboración de Productos a Base de Azúcar, Chocolate, Confitería y Tabaco",2152,4985.86198884758,5150.24703087886,164.385042031276,1.03297023511661,5150.24703087886,11083331.6104513,F,8703.91748218527,F115,115,2024
"Techadores (Colocadores de Palapas, Etcétera)",67,5160.0,5160.0,0.0,1.0,5160.0,345720.0,F,8720.4,F116,116,2024
"Jueces de Juzgado, Directores y Gerentes en Servicios Legales y Procuración de Justicia",210,10857.1428571429,5193.27731092437,-5663.86554621849,0.478328173374613,10857.1428571429,2280000.0,F117,18348.5714285714,E117,117,2024
"Coordinadores y Jefes de Área en Servicios Legales, Jueces Calificadores y Fiscales",390,15192.8205128205,5214.1652613828,-9978.65525143771,0.34319929317817,15192.8205128205,5925200.0,E,25675.8666666667,D118,118,2024
Mozos de Hotel y Restaurante,2053,5277.0,5277.30500951173,0.305009511731441,1.00005779979377,5277.30500951173,10834307.1845276,F,8918.64546607483,F119,119,2024
"Directores y Gerentes en Servicios de Salud, Protección Civil y Medio Ambiente",5544,5298.7012987013,5298.7012987013,0.0,1.0,5298.7012987013,29376000.0,F,8954.80519480519,F120,120,2024
Encargados y Supervisores de Ventas de Productos y de Servicios Financieros y de Alquiler,9739,4560.37190676661,5334.71329085791,774.341384091296,1.16979785857867,5334.71329085791,51954772.7396651,F,9015.66546154986,F121,121,2024
Ingenieros Mecánicos,130,8461.53846153846,5380.16826923077,-3081.37019230769,0.635838068181818,8461.53846153846,1100000.0,F122,14300.0,E,122,2024
Trabajadores de Apoyo en la Construcción,51038,4676.70373055371,5418.46587714947,741.762146595765,1.1586078976416,5418.46587714947,276547661.437955,F,9157.2073323826,F123,123,2024
"Cerrajeros, Afiladores y Pulidores de Herramientas",113,5425.75,5425.75,0.0,1.0,5425.75,613109.75,F,9169.5175,F124,124,2024
"Cobradores, Pagadores y Prestamistas",1721,5389.87158628704,5427.56777893639,37.6961926493495,1.00699389438985,5427.56777893639,9340844.14754953,F,9172.5895464025,F125,125,2024
Zapateros Artesanales,654,5474.80735032602,5474.80735032602,0.0,1.0,5474.80735032602,3580524.00711322,F,9252.42442205098,F126,126,2024
Especialistas en Trabajo Social,570,7892.98245614035,5606.98412698413,-2285.99832915622,0.710375850718149,7892.98245614035,4499000.0,F,13339.1403508772,E,127,2024
Operadores de Máquinas para la Elaboración de Productos Farmacéuticos y Cosméticos,595,5770.0,5770.0,0.0,1.0,5770.0,3433150.0,F,9751.3,F128,128,2024
"Directores y Gerentes de Museos, Cines y otros Establecimientos Deportivos y Culturales",131,5809.92366412214,5809.92366412214,0.0,1.0,5809.92366412214,761100.0,F,9818.77099236641,F129,129,2024
Mecánicos en Mantenimiento y Reparación de Vehículos de Motor,11318,8507.93161335925,5826.47475642161,-2681.45685693764,0.684828583632809,8507.93161335925,96292770.0,F130,14378.4044265771,E,130,2024
Trabajadores en Archivo y Correspondencia,2605,10647.1401151631,5833.56745831228,-4813.57265685087,0.547899942633834,10647.1401151631,27735800.0,F131,17993.6667946257,E131,131,2024
Encargados y Trabajadores en Control de Almacén y Bodega,11088,5219.7619047619,5931.72283066554,711.960925903639,1.13639720333874,5931.72283066554,65770942.7464195,F,10024.6115838248,F132,132,2024
"Decoradores de Interiores, Jardines y Diversos Materiales (Tazas, Llaveros, Etcétera)",171,1056.14035087719,5935.58282208589,4879.4424712087,5.62007011393514,5935.58282208589,1014984.66257669,F,10031.1349693252,F133,133,2024
"Trabajadores de Apoyo en la Elaboración, Reparación y Mantenimiento Mecánico de Equipos, Maquinaria y Productos de Metal y de Precisión",21652,4544.75406428967,5936.87801299518,1392.12394870551,1.30631447356945,5936.87801299518,128545282.737372,F,10033.3238419619,F134,134,2024
Conductores de Motocicleta,5345,2980.7165575304,5952.52683178535,2971.81027425494,1.99701203281038,5952.52683178535,31816255.9158927,F,10059.7703457172,F135,135,2024
Encuestadores,526,1096.57794676806,5987.65432098765,4891.07637421959,5.46030889882023,5987.65432098765,3149506.17283951,F,10119.1358024691,F136,136,2024
Coordinadores y Jefes de Área en Servicios de Vigilancia y Seguridad,303,1316.96369636964,6000.0,4683.03630363036,4.55593424218124,6000.0,1818000.0,F,10140.0,F137,137,2024
Operadores de Máquinas para el Tratamiento de la Madera y Elaboración de Aglomerados y Triplay,414,6000.0,6000.0,0.0,1.0,6000.0,2484000.0,F,10140.0,F138,138,2024
Técnicos Eléctricos,376,6764.62765957447,6000.0,-764.627659574468,0.886966778061726,6764.62765957447,2543500.0,F,11432.2207446809,F139,139,2024
Instructores y Capacitadores en Oficios y para el Trabajo,1724,3149.07192575406,6072.2816399287,2923.20971417464,1.92827657897165,6072.2816399287,10468613.5472371,F,10262.1559714795,F140,140,2024
Vigilantes y Guardias en Establecimientos,11795,5810.06570580755,6093.86400918635,283.798303378806,1.04884597141391,6093.86400918635,71877125.988353,F,10298.6301755249,F141,141,2024
"Auxiliares en Contabilidad, Economía, Finanzas y Agentes de Bolsa",7242,5625.90030378349,6154.59402274531,528.69371896182,1.09397495341435,6154.59402274531,44571569.9127215,F,10401.2638984396,F142,142,2024
Profesores Universitarios y de Enseñanza Superior,4027,11277.87434815,6158.02521350142,-5119.84913464856,0.546027116759958,11277.87434815,45416000.0,F143,19059.6076483735,E143,143,2024
Checadores y Revisores de Transporte,580,4631.39655172414,6174.51327433628,1543.11672261215,1.3331860499049,6174.51327433628,3581217.69911504,F,10434.9274336283,F144,144,2024
"Operadores de Hornos Metalúrgicos, Coladores y Laminadores y Operadores de Máquinas Trefiladoras y Estiradoras de Metales",666,19207.957957958,6235.0,-12972.957957958,0.324605042016807,19207.957957958,12792500.0,E145,32461.4489489489,C,145,2024
Jardineros en Establecimientos,326,8600.0,6288.93141153082,-2311.06858846918,0.731271094364048,8600.0,2803600.0,F146,14534.0,E,146,2024
Operadores de Máquinas en la Elaboración de Tabaco,56,6300.0,6300.0,0.0,1.0,6300.0,352800.0,F,10647.0,F147,147,2024
Secretarias,11109,7054.17949410388,6318.92822966507,-735.251264438808,0.895770831313074,7054.17949410388,78364880.0,F,11921.5633450356,F148,148,2024
Auxiliares en Ciencias Sociales y Humanistas,1521,6355.02958579882,6373.50157728707,18.4719914882498,1.00290667277608,6373.50157728707,9694095.89905363,F,10771.2176656151,F149,149,2024
"Coordinadores y Jefes de Área en Construcción, Reparación y Mantenimiento",229,11441.0480349345,6382.07070707071,-5058.97732786379,0.55782221065618,11441.0480349345,2620000.0,F150,19335.3711790393,E150,150,2024
Recamaristas y Camaristas,2248,7494.66637010676,6426.2152249135,-1068.45114519327,0.857438464578638,7494.66637010676,16848010.0,F,12665.9861654804,E,151,2024
Trabajadores de Apoyo en Actividades Administrativas Diversas,18077,5627.24788405156,6432.26234208404,805.014458032486,1.14305651263631,6432.26234208404,116276006.357853,F,10870.523358122,F152,152,2024
Trabajadores de Apoyo en Plomería e Instalación de Tuberías,309,5130.08090614887,6445.63636363636,1315.5554574875,1.25643951461091,6445.63636363636,1991701.63636364,F,10893.1254545455,F153,153,2024
Vigilantes y Porteros en Casas Particulares,240,1352.08333333333,6450.0,5097.91666666667,4.77041602465331,6450.0,1548000.0,F,10900.5,F154,154,2024
"Instaladores de Pisos, Azulejos, Mosaicos y Baldosas",1681,9850.86258179655,6450.0,-3400.86258179655,0.654764996104908,9850.86258179655,16559300.0,F155,16647.9577632362,E155,155,2024
"Carpinteros, Ebanistas y Cepilladores en la Elaboración de Productos de Madera",8516,5113.68600281822,6455.05503512881,1341.36903231058,1.2623096200219,6455.05503512881,54971248.6791569,F,10909.0430093677,F156,156,2024
Repartidores de Mensajería (A Pie y en Bicicleta) y Mandaderos,180,6499.33333333333,6499.33333333333,0.0,1.0,6499.33333333333,1169880.0,F,10983.8733333333,F157,157,2024
"Operadores de Máquinas para Fabricar Tejidos de Punto, Telas y Alfombras",5857,3084.5910875875,6524.29736744531,3439.70627985781,2.11512553274867,6524.29736744531,38212809.6811272,F,11026.0625509826,F158,158,2024
"Operadores de Máquinas que Cortan, Perforan, Doblan, Troquelan, Sueldan, Etc., Piezas y Productos Metálicos",3293,6904.03887033101,6526.93091372174,-377.107956609261,0.945378645211599,6904.03887033101,22735000.0,F,11667.8256908594,F159,159,2024
Profesores de Preparatoria y Equivalentes,6372,6788.07281858129,6542.25161754134,-245.821201039956,0.963786304653795,6788.07281858129,43253600.0,F,11471.8430634024,F160,160,2024
Auxiliares en Enfermería y Paramédicos,7907,13539.9266472746,6614.43876619821,-6925.48788107636,0.488513633678335,13539.9266472746,107060200.0,E,22882.476033894,D,161,2024
Profesores de Enseñanza Primaria,23467,9088.32939873013,6731.23666343356,-2357.09273529657,0.740646203291672,9088.32939873013,213275826.0,F162,15359.2766838539,E,162,2024
Técnicos en Mantenimiento y Reparación de Maquinaria e Instrumentos Industriales,1232,9096.67207792208,6777.53036437247,-2319.14171354961,0.745056027777648,9096.67207792208,11207100.0,F163,15373.3758116883,E,163,2024
"Técnicos en Aparatos de Diagnóstico, Tratamiento Médico, Podólogos y Fisioterapeutas",2133,7592.3488045007,6865.94441827602,-726.404386224679,0.904324155155507,7592.3488045007,16194480.0,F,12831.0694796062,E,164,2024
Profesores de Enseñanza Preescolar,3055,4622.65139116203,6917.89439897288,2295.24300781085,1.49652089538897,6917.89439897288,21134167.3888621,F,11691.2415342642,F165,165,2024
Planchadores y Tintoreros en Establecimientos,1621,5076.70573719926,6937.16012084592,1860.45438364666,1.36646882446116,6937.16012084592,11245136.5558912,F,11723.8006042296,F166,166,2024
"Dibujantes y Diseñadores Artísticos, Ilustradores y Grabadores",1584,4364.93055555556,6957.41548183254,2592.48492627699,1.59393497634856,6957.41548183254,11020546.1232227,F,11758.032164297,F167,167,2024
Instructores en Estudios y Capacitación Comercial y Administrativa,52,7000.0,7000.0,0.0,1.0,7000.0,364000.0,F,11830.0,F168,168,2024
Patronistas de Productos Textiles,1036,7000.0,7000.0,0.0,1.0,7000.0,7252000.0,F,11830.0,F169,169,2024
Operadores de Máquinas para la Elaboración de Productos Químicos,111,7000.0,7000.0,0.0,1.0,7000.0,777000.0,F,11830.0,F170,170,2024
Operadores de Máquinas para el Tratamiento de Agua,735,7000.0,7000.0,0.0,1.0,7000.0,5145000.0,F,11830.0,F171,171,2024
Cantantes,45,8600.0,7054.6875,-1545.3125,0.8203125,8600.0,387000.0,F172,14534.0,E,172,2024
Trabajadores en la Cría de Ganado Bovino,7725,3571.02770226537,7073.32383745287,3502.2961351875,1.98075300087023,7073.32383745287,54641426.6443234,F,11953.9172852954,F173,173,2024
Recolectores de Basura y Material Reciclable,4013,4254.28631946175,7079.65205526181,2825.36573580006,1.66412214026947,7079.65205526181,28410643.6977656,F,11964.6119733925,F174,174,2024
"Trabajadores en Instalación y Reparación de Equipos Electrónicos, Telecomunicaciones y Electrodoméstico (Excepto Equipos Informáticos)",489,18631.2678936605,7129.41176470588,-11501.8561289547,0.382658432340599,18631.2678936605,9110690.0,E175,31486.8427402863,C,175,2024
"Auxiliares y Técnicos de Ingeniería de Audio, Sonido e Iluminación",2016,11749.9206349206,7138.93249607535,-4610.98813884528,0.607572826905615,11749.9206349206,23687840.0,F176,19857.3658730159,E176,176,2024
Operadores de Máquinas para la Elaboración y Ensamble de Productos de Plástico y Hule,2050,6224.51219512195,7160.03305785124,935.520862729288,1.15029625348994,7160.03305785124,14678067.768595,F,12100.4558677686,E,177,2024
"Conductores de Camiones, Camionetas y Automóviles de Carga",26716,8376.35050157209,7174.52338548955,-1201.82711608254,0.85652139128407,8376.35050157209,223782580.0,F178,14156.0323476568,E,178,2024
"Coordinadores y Jefes de Área de Ventas, Comercialización y Alquiler",128,24790.625,7205.42540073983,-17585.1995992602,0.290651219997068,24790.625,3173200.0,D,41896.15625,B,179,2024
Bañeros y Masajistas,123,7231.30081300813,7231.30081300813,0.0,1.0,7231.30081300813,889450.0,F,12220.8983739837,E,180,2024
Ingenieros Civiles y de la Construcción,1421,5795.28501055595,7232.88100208768,1437.59599153174,1.24806303553892,7232.88100208768,10277923.9039666,F,12223.5688935282,E,181,2024
Pintores de Brocha Gorda,1218,6302.43842364532,7266.34659276166,963.908169116336,1.15294210023536,7266.34659276166,8850410.1499837,F,12280.1257417672,E,182,2024
"Conductores de Autobuses, Camiones, Camionetas, Taxis y Automóviles de Pasajeros",24473,5502.00898949863,7266.88080144895,1764.87181195032,1.32076861657602,7266.88080144895,177842373.85386,F,12281.0285544487,E,183,2024
Policías y Agentes de Tránsito,3929,6954.23771952151,7268.06336228922,313.825642767712,1.0451272526803,7268.06336228922,28556220.9504343,F,12283.0270822688,E,184,2024
"Instaladores de Material Aislante, de Impermeabilización, Vidrio y otros Materiales",272,5577.35294117647,7355.82669322709,1778.47375205062,1.3188741632111,7355.82669322709,2000784.86055777,F,12431.3471115538,E,185,2024
Ingenieros Industriales,836,4633.97129186603,7394.32176656151,2760.35047469548,1.59567707714131,7394.32176656151,6181652.99684543,F,12496.403785489,E,186,2024
Jardineros en Casas Particulares,1188,6638.21548821549,7429.24916742355,791.033679208066,1.11916360362395,7429.24916742355,8825948.01089918,F,12555.4310929458,E,187,2024
"Albañiles, Mamposteros y Afines",36278,7408.17437565467,7473.69256650195,65.5181908472787,1.00884404004617,7473.69256650195,271130618.927558,F,12630.5404373883,E,188,2024
Soldadores y Oxicortadores,5877,8540.71294878339,7503.24082363474,-1037.47212514866,0.878526285642647,8540.71294878339,50193770.0,F189,14433.8048834439,E,189,2024
Contadores y Auditores,5312,6470.35015060241,7505.92449710664,1035.57434650423,1.16004919709141,7505.92449710664,39871470.9286305,F,12685.0124001102,E,190,2024
Abogados,7674,9169.96351316132,7509.72193184194,-1660.24158131938,0.818947853070899,9169.96351316132,70370300.0,F191,15497.2383372426,E,191,2024
Trabajadores en Reparación de Equipos Electromecánicos,2155,8406.49651972158,7534.29351316635,-872.203006555232,0.896246551163252,8406.49651972158,18116000.0,F192,14206.9791183295,E,192,2024
Tapiceros,273,6694.43956043956,7605.44217687075,911.002616431188,1.13608347766925,7605.44217687075,2076285.71428571,F,12853.1972789116,E,193,2024
"Valuadores, Subastadores y Rematadores",901,7620.0,7620.0,0.0,1.0,7620.0,6865620.0,F,12877.8,E,194,2024
Médicos Generales y Familiares,7005,19200.8993576017,7644.78576615831,-11556.1135914434,0.398147275488516,19200.8993576017,134502300.0,E195,32449.5199143469,C,195,2024
Supervisores de Operadores de Maquinaria Industrial,5536,7581.20484104046,7654.17270929466,72.967868254198,1.00962483797551,7654.17270929466,42373500.1186552,F,12935.551878708,E,196,2024
"Hojalateros, Chaperos, Latoneros, Cobreros y Pintores de Metales",5995,9716.72226855713,7660.59620596206,-2056.12606259507,0.788393039775501,9716.72226855713,58251750.0,F197,16421.2606338616,E197,197,2024
"Operadores de Máquinas de Lavado, Blanqueo, Teñido, Estampado, Afelpado, Planchado y Acabado de Productos Textiles, Cuero, Piel y Similares",245,12000.0,7687.02153110048,-4312.97846889952,0.640585127591706,12000.0,2940000.0,E,20280.0,D,198,2024
Profesores de Enseñanza Secundaria,15510,8151.60767246937,7696.38344625526,-455.22422621411,0.944155282674907,8151.60767246937,126431435.0,F199,13776.2169664732,E,199,2024
Electricistas y Linieros,14481,3092.34030798978,7708.48844255909,4616.14813456931,2.49276847785556,7708.48844255909,111626621.136698,F,13027.3454679249,E,200,2024
"Operadores de Máquinas en la Elaboración de Alimentos, Aceites, Grasas, Sal y Especias",845,7841.26627218935,7822.82330345711,-18.4429687322427,0.997647960406898,7841.26627218935,6625870.0,F,13251.74,E,201,2024
Agentes y Representantes de Ventas y Consignatarios,4561,7068.32712124534,7888.96515752139,820.638036276045,1.116100743811,7888.96515752139,35981570.083455,F,13332.3511162111,E,202,2024
Directores y Gerentes en Centros de Enseñanza y Capacitación,5788,16517.795438839,7949.67811158798,-8568.11732725099,0.481279607864351,16517.795438839,95605000.0,E203,27915.0742916379,D203,203,2024
Periodistas y Redactores,4072,7954.54545454545,7954.54545454545,0.0,1.0,7954.54545454545,32390909.0909091,F,13443.1818181818,E,204,2024
Clasificadores de Desechos,2072,7955.0,7955.0,0.0,1.0,7955.0,16482760.0,F,13443.95,E,205,2024
Demostradores y Promotores,1579,3846.73844205193,7970.12711864407,4123.38867659214,2.0719181297891,7970.12711864407,12584830.720339,F,13469.5148305085,E,206,2024
Directores en Servicios de Vigilancia y Seguridad,50,8000.0,8000.0,0.0,1.0,8000.0,400000.0,F207,13520.0,E,207,2024
"Directores y Gerentes en Administración, Recursos Humanos y Mercadotecnia",1149,15463.1853785901,8054.52067242163,-7408.66470616845,0.520883664990119,15463.1853785901,17767200.0,E,26132.7832898172,D208,208,2024
"Auxiliares y Técnicos en Ciencias Biológicas, Químicas y del Medio Ambiente",746,8133.925737861,8133.925737861,0.0,1.0,8133.925737861,6067908.6004443,F209,13746.3344969851,E,209,2024
Entrenadores Deportivos y Directores Técnicos,526,7940.53231939163,8269.96197718631,329.429657794678,1.0414870999253,8269.96197718631,4350000.0,F210,13976.2357414449,E,210,2024
"Mecánicos en Instalación, Mantenimiento y Reparación de Equipos de Refrigeración, Climas y Aire Acondicionado.",71,8290.0,8290.0,0.0,1.0,8290.0,588590.0,F211,14010.1,E,211,2024
"Trabajadores en la Extracción de Cantera, Arcilla, Arena, Piedra y Grava",1586,8294.71626733922,8294.71626733922,0.0,1.0,8294.71626733922,13155420.0,F212,14018.0704918033,E,212,2024
Meseros,8456,4284.24254966887,8342.11347595942,4057.87092629054,1.94716180964221,8342.11347595942,70540911.5527128,F213,14098.1717743714,E,213,2024
Ingenieros Electrónicos,457,13550.7658643326,8373.53353353353,-5177.23233079907,0.617938027810943,13550.7658643326,6192700.0,E,22900.7943107221,D,214,2024
Ayudantes de Conductores de Transporte Terrestre con Motor,63,6800.0,8398.70742358079,1598.70742358079,1.23510403287953,8398.70742358079,529118.56768559,F215,14193.8155458515,E,215,2024
"Trabajadores de Paquetería, Maleteros y Botones de Hotel",40,70000.0,8462.11849192101,-61537.881508079,0.120887407027443,70000.0,2800000.0,S,118300.0,S,216,2024
"Coordinadores y Jefes de Área en Museos, Cines, Deportivos y Servicios Culturales",84,8504.2735042735,8504.2735042735,0.0,1.0,8504.2735042735,714358.974358974,F217,14372.2222222222,E,217,2024
Auxiliares en Servicios Jurídicos,739,3604.66847090663,8506.87296416938,4902.20449326275,2.35995987781638,8506.87296416938,6286579.12052117,F218,14376.6153094463,E,218,2024
Traductores e Intérpretes,156,8600.0,8600.0,0.0,1.0,8600.0,1341600.0,F219,14534.0,E,219,2024
Trabajadores en la Cría Avícola,3655,5740.0,8617.34303534304,2877.34303534304,1.50127927445001,8617.34303534304,31496388.7941788,F220,14563.3097297297,E,220,2024
Choferes Vendedores,5279,3617.52225800341,8657.20021557532,5039.67795757191,2.39312977174421,8657.20021557532,45701359.9380221,F221,14630.6683643223,E,221,2024
Trabajadores en Viveros e Invernaderos,250,8703.84,8703.84,0.0,1.0,8703.84,2175960.0,F222,14709.4896,E,222,2024
Supervisores de Conductores de Transporte y de Maquinaria Móvil,907,8720.0,8720.0,0.0,1.0,8720.0,7909040.0,F223,14736.8,E,223,2024
Instructores en Estudios y Capacitación Artística,2777,4265.71840115232,8751.38952164009,4485.67112048777,2.05156287843005,8751.38952164009,24302608.7015945,F224,14789.8482915718,E,224,2024
"Astrólogos, Adivinadores y Afines",735,8890.0,8890.0,0.0,1.0,8890.0,6534150.0,F225,15024.1,E,225,2024
Médicos Especialistas,4982,3407.3966278603,8903.71963562753,5496.32300776723,2.61305642050209,8903.71963562753,44358331.2246964,F226,15047.2861842105,E,226,2024
Agentes de Seguros y Servicios Financieros (Ejecutivos de Cuenta),2651,10253.5646925688,9196.95290858726,-1056.61178398158,0.896951761103399,10253.5646925688,27182200.0,F227,17328.5243304413,E227,227,2024
Cuidadores y Acomodadores de Autos en Estacionamientos,69,6450.0,9196.98596705308,2746.98596705308,1.42588929721753,9196.98596705308,634592.031726663,F228,15542.9062843197,E,228,2024
Conductores de Maquinaria Móvil para la Construcción y Minería,1488,9599.4623655914,9217.34421768707,-382.118147904324,0.960193796969922,9599.4623655914,14284000.0,F229,16223.0913978495,E229,229,2024
Trabajadores en Agencias de Viajes,154,9233.76623376623,9233.76623376623,0.0,1.0,9233.76623376623,1422000.0,F230,15605.0649350649,E,230,2024
"Trabajadores en la Elaboración y Reparación de Productos de Hule, Caucho, Plásticos y Vulcanización de Neumáticos",660,7593.33333333333,9321.55210643016,1728.21877309682,1.22759685334901,9321.55210643016,6152224.3902439,F231,15753.423059867,E,231,2024
"Conductores de Maquinaria Móvil para el Movimiento de Mercancías en Fábricas, Puertos, Comercios, Etcétera",4170,6153.27338129496,9511.00590128755,3357.73251999259,1.54568232417555,9511.00590128755,39660894.6083691,F232,16073.599973176,E232,232,2024
"Supervisores de Trabajadores en la Extracción, Albañiles y en Acabados de la Construcción",2700,7232.44444444444,9586.66666666667,2354.22222222222,1.32550851103054,9586.66666666667,25884000.0,F233,16201.4666666667,E233,233,2024
Trabajadores en la Cría de Equinos,484,3000.0,9679.91532599492,6679.91532599492,3.22663844199831,9679.91532599492,4685079.01778154,F234,16359.0569009314,E234,234,2024
Auxiliares y Técnicos en Construcción y Arquitectura,191,9687.95811518325,9687.95811518325,0.0,1.0,9687.95811518325,1850400.0,F235,16372.6492146597,E235,235,2024
Coordinadores y Jefes de Área en Producción Manufacturera,164,9764.14634146341,9764.14634146341,0.0,1.0,9764.14634146341,1601320.0,F236,16501.4073170732,E236,236,2024
"Trabajadores en la Elaboración de Productos de Cemento, Cal, Yeso, Azulejo, Piedra y Ladrilleros",1821,2385.55738605162,9910.47717842324,7524.91979237162,4.15436544782779,9910.47717842324,18046978.9419087,F237,16748.7064315353,E237,237,2024
"Supervisores, Encargados y Capataces de Trabajadores en Actividades Pesqueras, Acuícolas, Forestales, Caza y Similares",322,10000.0,10000.0,0.0,1.0,10000.0,3220000.0,F238,16900.0,E238,238,2024
Trabajadores de la Fuerza Armada Terrestre,214,10084.6774193548,10084.6774193548,0.0,1.0,10084.6774193548,2158120.96774194,F239,17043.1048387097,E239,239,2024
Químicos,960,11383.3333333333,10141.6207710464,-1241.71256228691,0.89091836934522,11383.3333333333,10928000.0,F240,19237.8333333333,E240,240,2024
"Directores y Gerentes de Ventas, Comercialización y Alquiler",1626,8405.90405904059,10168.1102647806,1762.20620573997,1.20963910524826,10168.1102647806,16533347.2905332,F241,17184.1063474791,E241,241,2024
Ingenieros Químicos,82,10200.0,10200.0,0.0,1.0,10200.0,836400.0,F242,17238.0,E242,242,2024
Ingenieros en Comunicaciones y Telecomunicaciones,225,4106.66666666667,10221.1055276382,6114.43886097152,2.48890556679501,10221.1055276382,2299748.74371859,F243,17273.6683417085,E243,243,2024
"Operadores de Máquinas en la Elaboración de Cemento, Cal, Yeso y Productos de Cemento",443,10426.7720090293,10426.7720090293,0.0,1.0,10426.7720090293,4619060.0,F244,17621.2446952596,E244,244,2024
Auxiliares Hospitalarios y de Medicina,438,23406.8493150685,10554.0897097625,-12852.759605306,0.450897494476892,23406.8493150685,10252200.0,D,39557.5753424658,C245,245,2024
Supervisores e Inspectores Educativos,1378,19794.7750362845,10569.4135115071,-9225.36152477742,0.533949665612919,19794.7750362845,27277200.0,E246,33453.1698113208,C,246,2024
Coordinadores y Jefes de Área en Informática,831,10613.7184115523,10613.7184115523,0.0,1.0,10613.7184115523,8820000.0,F247,17937.1841155235,E247,247,2024
Enfermeras (Técnicas),2670,7668.44943820225,10646.7618002195,2978.31236201729,1.38838521216298,10646.7618002195,28426854.0065862,F248,17993.027442371,E248,248,2024
Coordinadores y Jefes de Área en Centros de Investigación y Desarrollo Tecnológico,178,10712.3595505618,10712.3595505618,0.0,1.0,10712.3595505618,1906800.0,F249,18103.8876404494,E249,249,2024
Vendedores por Teléfono,232,10810.3448275862,10810.3448275862,0.0,1.0,10810.3448275862,2508000.0,F250,18269.4827586207,E250,250,2024
"Auxiliares en Administración, Mercadotecnia, Comercialización y Comercio Exterior",13216,7707.97518159806,10876.053403303,3168.07822170492,1.41101302833309,10876.053403303,143737921.778052,F251,18380.530251582,E251,251,2024
"Supervisores en la Preparación y Servicio de Alimentos y Bebidas, Así como en Servicios de Esparcimiento y de Hotelería",2053,9163.71164150024,10913.5914811229,1749.8798396227,1.1909575407958,10913.5914811229,22405603.3107454,F252,18443.9696030978,E252,252,2024
"Peleteros, Cortadores, Curtidores y Teñidores de Cuero, Piel y Similares",40,11180.0,11180.0,0.0,1.0,11180.0,447200.0,F253,18894.2,E253,253,2024
Coordinadores y Jefes de Área en Comunicación y Telecomunicaciones,39,7400.0,11184.3575418994,3784.35754189944,1.51139966782425,11184.3575418994,436189.944134078,F254,18901.5642458101,E254,254,2024
Coordinadores y Jefes de Área en Centros de Enseñanza y Capacitación,897,10985.5072463768,11199.1434689507,213.636222573938,1.01944709677784,11199.1434689507,10045631.6916488,F255,18926.5524625268,E255,255,2024
Biólogos y Especialistas en Ciencias del Mar y Oceanógrafos,951,11342.1052631579,11342.1052631579,0.0,1.0,11342.1052631579,10786342.1052632,F256,19168.1578947368,E256,256,2024
"Coordinadores y Jefes de Área en Servicios Contables, Financieros, Banca y Seguros",162,11111.1111111111,11364.5833333333,253.472222222223,1.0228125,11364.5833333333,1841062.5,F257,19206.1458333333,E257,257,2024
Ingenieros Eléctricos,1147,14028.3347863993,11486.4957264957,-2541.83905990358,0.818806786506982,14028.3347863993,16090500.0,E,23707.8857890148,D,258,2024
Operadores de Máquinas en la Elaboración de Bebidas Alcohólicas y no Alcohólicas,161,1575.77639751553,11621.4251207729,10045.6487232574,7.37504708097928,11621.4251207729,1871049.44444444,F259,19640.2084541063,E259,259,2024
Directores y Gerentes de Restaurantes y Hoteles,1969,9215.18537328593,11735.6389855793,2520.45361229338,1.27351089643839,11735.6389855793,23107473.1626057,F260,19833.229885629,E260,260,2024
Especialistas en Seguridad e Higiene y Salud Pública,66,12000.0,12000.0,0.0,1.0,12000.0,792000.0,E,20280.0,D,261,2024
Desarrolladores y Analistas de Software y Multimedia,6999,8462.99028432633,12009.3997817388,3546.40949741248,1.41904922235117,12009.3997817388,84053789.07239,E,20295.8856311386,D,262,2024
Técnicos de Laboratorios Médicos,929,12062.4327233584,12062.4327233584,0.0,1.0,12062.4327233584,11206000.0,E,20385.5113024758,D,263,2024
"Auxiliares y Técnicos Topógrafos, en Hidrología y Geología",212,12100.0,12100.0,0.0,1.0,12100.0,2565200.0,E,20449.0,D,264,2024
Administradores y Especialistas en Recursos Humanos y Sistemas de Gestión,1116,12476.7025089606,12321.4437819421,-155.258727018496,0.987556108923252,12476.7025089606,13924000.0,E,21085.6272401434,D,265,2024
"Supervisores en Procesos de Ensamblado y Montaje de Maquinaria, Herramientas y Productos Metálicos y Electrónicos",339,6450.0,12573.3962264151,6123.39622641509,1.94936375603335,12573.3962264151,4262381.32075472,E,21249.0396226415,D,266,2024
Administradores de Bases de Datos y Redes de Computadora,1106,16153.3453887884,12665.1270207852,-3488.21836800321,0.784055978248055,16153.3453887884,17865600.0,E267,27299.1537070524,D267,267,2024
Trabajadores en la Elaboración de Productos Lácteos,923,12900.0,12900.0,0.0,1.0,12900.0,11906700.0,E,21801.0,D,268,2024
Operadores de Máquinas para la Elaboración de Productos a Base de Papel y Cartón,339,12900.0,12900.0,0.0,1.0,12900.0,4373100.0,E,21801.0,D,269,2024
Coordinadores y Jefes de Área en Servicios Funerarios y otros Servicios,81,13000.0,13000.0,0.0,1.0,13000.0,1053000.0,E,21970.0,D,270,2024
Operadores de Máquinas y Equipos para la Extracción y Beneficio en Minas y Canteras,81,5160.0,13133.2641770401,7973.26417704011,2.54520623586049,13133.2641770401,1063794.39834025,E,22195.2164591978,D,271,2024
Coordinadores y Jefes de Área en Servicios de Transporte,262,10271.4503816794,13191.9592298981,2920.50884821869,1.28433266381034,13191.9592298981,3456293.3182333,E,22294.4110985277,D,272,2024
Fotógrafos,386,5077.20207253886,13462.2005988024,8384.99852626353,2.65149986281137,13462.2005988024,5196409.43113772,E,22751.119011976,D,273,2024
"Coordinadores y Jefes de Área en Administración, Recursos Humanos y Mercadotecnia",2405,7941.99584199584,13538.1356330851,5596.13979108922,1.70462638138109,13538.1356330851,32559216.1975696,E,22879.4492199138,D,274,2024
Enfermeras Especialistas,295,21707.2033898305,13838.9031705227,-7868.3002193078,0.63752584439348,21707.2033898305,6403625.0,D,36685.1737288136,C275,275,2024
Supervisores en Servicios de Protección y Vigilancia,630,5600.0,14000.0,8400.0,2.5,14000.0,8820000.0,E,23660.0,D,276,2024
Coordinadores y Jefes de Área en Desarrollo Social y Económico,55,14000.0,14000.0,0.0,1.0,14000.0,770000.0,E,23660.0,D,277,2024
Operadores de Máquinas e Instalaciones para la Generación de Energía,245,14000.0,14000.0,0.0,1.0,14000.0,3430000.0,E,23660.0,D,278,2024
Cantineros,1573,3804.361093452,14692.2556390977,10887.8945456457,3.86195087116882,14692.2556390977,23110918.1203008,E,24829.9120300752,D,279,2024
Directores y Gerentes en Producción Manufacturera,606,1186.46864686469,14950.1371841155,13763.6685372508,12.6005328700612,14950.1371841155,9059783.13357401,E,25265.7318411552,D280,280,2024
Agentes de Recaudación Tributaria y de Licencias,639,15000.0,15000.0,0.0,1.0,15000.0,9585000.0,E,25350.0,D281,281,2024
Ecólogos y Especialistas en Ciencias Atmosféricas,208,16000.0,16000.0,0.0,1.0,16000.0,3328000.0,E282,27040.0,D282,282,2024
Trabajadores de la Fuerza Armada Aérea,83,16000.0,16000.0,0.0,1.0,16000.0,1328000.0,E283,27040.0,D283,283,2024
Farmacólogos,71,30000.0,16772.0930232558,-13227.9069767442,0.55906976744186,30000.0,2130000.0,C,50700.0,A,284,2024
Especialistas en Hotelería y Turismo,89,17000.0,17000.0,0.0,1.0,17000.0,1513000.0,E285,28730.0,D285,285,2024
"Coordinadores y Jefes de Área en Actividades Artísticas, de Cine, Teatro y Afines",862,11500.0,17500.0,6000.0,1.52173913043478,17500.0,15085000.0,E286,29575.0,D286,286,2024
Investigadores y Especialistas en Ciencias Políticas y Administración Pública,644,17632.9192546584,17632.9192546584,0.0,1.0,17632.9192546584,11355600.0,E287,29799.6335403727,D287,287,2024
"Supervisores de Mecánicos y Técnicos en Mantenimiento y Reparación de Equipos Mecánicos, Vehículos de Motor, Instrumentos Industriales y Equipo de Refrigeración",809,10385.414091471,17701.9083969466,7316.49430547561,1.70449711884712,17701.9083969466,14320843.8931298,E288,29916.2251908397,D288,288,2024
Técnicos en Seguridad en el Trabajo e Higiene,79,8000.0,17758.7548638132,9758.75486381323,2.21984435797665,17758.7548638132,1402941.63424124,E289,30012.2957198444,C,289,2024
"Payasos, Mimos y Cirqueros",731,19350.0,19350.0,0.0,1.0,19350.0,14144850.0,E290,32701.5,C,290,2024
"Auxiliares y Técnicos en Física, Matemáticas, Estadística y Actuaría",51,19600.0,19600.0,0.0,1.0,19600.0,999600.0,E291,33124.0,C,291,2024
"Pedagogos, Orientadores Educativos y otros Especialistas en Ciencias Educativas",862,10218.4454756381,19780.8049535604,9562.35947792232,1.93579395229148,19780.8049535604,17051053.869969,E292,33429.560371517,C,292,2024
Optometristas,689,20098.6937590711,20098.6937590711,0.0,1.0,20098.6937590711,13848000.0,D,33966.7924528302,C,293,2024
Supervisores de Artesanos y Trabajadores en el Tratamiento y Elaboración de Productos de Metal,80,4000.0,21500.0,17500.0,5.375,21500.0,1720000.0,D,36335.0,C294,294,2024
"Curanderos, Hierberos y Hueseros",1282,7128.47113884555,21500.0,14371.5288611544,3.01607449637257,21500.0,27563000.0,D,36335.0,C295,295,2024
Asesores y Analistas en Finanzas,1343,14614.7431124348,21516.2011173184,6901.45800488359,1.47222574846434,21516.2011173184,28896258.1005587,D,36362.3798882682,C296,296,2024
"Supervisores de Técnicos Eléctricos, en Electrónica y de Equipos en Telecomunicaciones y Electromecánicos",513,17020.3118908382,24000.0,6979.68810916179,1.41007991827217,24000.0,12312000.0,D,40560.0,B,297,2024
"Directores y Gerentes en Servicios Contables, Financieros, Banca y Seguros",1062,16852.1657250471,24898.8023952096,8046.6366701625,1.47748383213458,24898.8023952096,26442528.1437126,D,42078.9760479042,B,298,2024
"Técnicos en la Instalación, Reparación y Mantenimiento de Equipos de Refrigeración, Climas y Aire Acondicionado",55,25000.0,25000.0,0.0,1.0,25000.0,1375000.0,D299,42250.0,B,299,2024
Directores y Gerentes en Informática,1076,7678.43866171004,26000.0,18321.56133829,3.38610505930767,26000.0,27976000.0,D300,43940.0,B,300,2024
"Otros Coordinadores y Jefes de Área en Informática, Telecomunicaciones, Transporte y en Investigación y Desarrollo Tecnológico, no Clasificados Anteriormente",62,25000.0,26000.0,1000.0,1.04,26000.0,1612000.0,D301,43940.0,B,301,2024
Presidentes y Directores Generales en Instituciones y Empresas Privadas,1406,3465.89615931721,27000.0,23534.1038406828,7.79019300027703,27000.0,37962000.0,D302,45630.0,B302,302,2024
Compositores y Arreglistas,53,30000.0,30000.0,0.0,1.0,30000.0,1590000.0,C,50700.0,A,303,2024
Ingenieros Biomédicos,72,30000.0,30000.0,0.0,1.0,30000.0,2160000.0,C,50700.0,A,304,2024
Supervisores de las Fuerzas Armadas,37,30000.0,30000.0,0.0,1.0,30000.0,1110000.0,C,50700.0,A,305,2024
Directores y Gerentes en Centros de Investigación y Desarrollo Tecnológico,603,15000.0,32000.0,17000.0,2.13333333333333,32000.0,19296000.0,C,54080.0,A,306,2024
"Otros Coordinadores y Jefes de Área en Producción Agropecuaria, Industrial, Construcción y Mantenimiento, no Clasificados Anteriormente",27,35000.0,35000.0,0.0,1.0,35000.0,945000.0,C307,59150.0,A307,307,2024
Presidentes y Directores Generales en Instituciones Públicas,104,36057.6923076923,36057.6923076923,0.0,1.0,36057.6923076923,3750000.0,C308,60937.5,S,308,2024
"Directores y Gerentes en Producción Agropecuaria, Silvícola y Pesquera",291,8000.0,40000.0,32000.0,5.0,40000.0,11640000.0,B,67600.0,S,309,2024
"Ingenieros en Topografía, Hidrología, Geología y Geodesia",76,28000.0,40000.0,12000.0,1.42857142857143,40000.0,3040000.0,B,67600.0,S,310,2024
Mineros y Trabajadores en la Extracción en Minas de Minerales Metálicos,773,28075.0323415265,40415.3686396677,12340.3362981412,1.43954842680228,40415.3686396677,31241079.9584631,B,68301.9730010384,S,311,2024
Directores de Organizaciones Civiles y Religiosas,74,41900.0,41900.0,0.0,1.0,41900.0,3100600.0,B,70811.0,S,312,2024
